{
    "type": "create:crushing",
    "ingredients": [
    	{
    		"item": "minecraft:bone_block"
    	}
    ], 
	"results": [
		{
		  "item": "minecraft:tube_coral_block",
		  "count": 1,
		  "chance": 0.20
		},
		{
		  "item": "minecraft:brain_coral_block",
		  "count": 1,
		  "chance": 0.20
		},
		{
		  "item": "minecraft:bubble_coral_block",
		  "count": 1,
		  "chance": 0.20
		},
		{
		  "item": "minecraft:fire_coral_block",
		  "count": 1,
		  "chance": 0.20
		},
		{
		  "item": "minecraft:horn_coral_block",
		  "count": 1,
		  "chance": 0.20
		}
	],
	"processingTime": 50
}