{
  "type": "create:mechanical_crafting",
  "pattern": [
    " AAHAA ",
    "AAFCFAA",
	"AE A EA",
	"DGABAGD",
	"AE A EA",
	"AAFCFAA",
	" AAHAA "
  ],
  "key": {
    "A": {
      "item": "minecraft:obsidian"
    },
    "B": {
      "item": "minecraft:heart_of_the_sea"
    },
    "C": {
      "item": "minecraft:diamond"
    },
    "D": {
      "item": "minecraft:netherite_ingot"
    },
    "E": {
      "item": "minecraft:iron_ingot"
    },
    "F": {
      "item": "minecraft:gold_ingot"
    },
    "G": {
      "item": "minecraft:nether_star"
    },
    "H": {
      "item": "create:precision_mechanism"
    }
  },
  "result": {
    "item": "infinicore:infinicore"
  },
  "acceptMirrored": true
}