{
  "type": "supermartijn642corelib:conditional",
  "conditions": [
    {
      "backpack": "basic",
      "type": "packedup:is_backpack_enabled"
    },
    {
      "conditions": [
        {
          "backpack": "copper",
          "type": "packedup:is_backpack_enabled"
        },
        {
          "registry": "minecraft:item",
          "tag": "forge:ingots/copper",
          "type": "supermartijn642corelib:tag_populated"
        }
      ],
      "type": "supermartijn642corelib:and"
    }
  ],
  "recipe": {
    "type": "packedup:upgrade_backpack",
    "pattern": [
      "ABA",
      "ACA",
      "AAA"
    ],
    "key": {
      "A": {
        "tag": "forge:ingots/copper"
      },
      "B": {
        "tag": "forge:leather"
      },
      "C": {
        "tag": "minecraft:shulker_boxes"
      }
    },
    "result": {
      "item": "packedup:copperbackpack"
    }
  }
}